1|15519|785|1|17|24386.67|0.04|0.02|N|O|1996-03-13|1996-02-12|1996-03-22|DELIVER IN PERSON|TRUCK|egular courts above the
1|6731|732|2|36|58958.28|0.09|0.06|N|O|1996-04-12|1996-02-28|1996-04-20|TAKE BACK RETURN|MAIL|ly final dependencies: slyly bold 
1|6370|371|3|8|10210.96|0.10|0.02|N|O|1996-01-29|1996-03-05|1996-01-31|TAKE BACK RETURN|REG AIR|riously. regular, express dep
1|214|465|4|28|31197.88|0.09|0.06|N|O|1996-04-21|1996-03-30|1996-05-16|NONE|AIR|lites. fluffily even de
1|2403|160|5|24|31329.60|0.10|0.04|N|O|1996-03-30|1996-03-14|1996-04-01|NONE|FOB| pending foxes. slyly re
1|1564|67|6|32|46897.92|0.07|0.02|N|O|1996-01-30|1996-02-07|1996-02-03|DELIVER IN PERSON|MAIL|arefully slyly ex
2|10617|138|1|38|58049.18|0.00|0.05|N|O|1997-01-28|1997-01-14|1997-02-02|TAKE BACK RETURN|RAIL|ven requests. deposits breach a
3|430|181|1|45|59869.35|0.06|0.00|R|F|1994-02-02|1994-01-04|1994-02-23|NONE|AIR|ongside of the furiously brave acco
3|1904|658|2|49|88489.10|0.10|0.00|R|F|1993-11-09|1993-12-20|1993-11-24|TAKE BACK RETURN|RAIL| unusual accounts. eve
3|12845|370|3|27|47461.68|0.06|0.07|A|F|1994-01-16|1993-11-22|1994-01-23|DELIVER IN PERSON|SHIP|nal foxes wake. 
3|2938|191|4|2|3681.86|0.01|0.06|A|F|1993-12-04|1994-01-07|1994-01-01|NONE|TRUCK|y. fluffily pending d
3|18310|115|5|28|34392.68|0.04|0.00|R|F|1993-12-14|1994-01-10|1994-01-01|TAKE BACK RETURN|FOB|ages nag slyly pending
3|6215|984|6|26|29151.46|0.10|0.02|A|F|1993-10-29|1993-12-18|1993-11-04|TAKE BACK RETURN|RAIL|ges sleep after the caref
4|8804|579|1|30|51384.00|0.03|0.08|N|O|1996-01-10|1995-12-14|1996-01-18|DELIVER IN PERSON|REG AIR|- quickly regular packages sleep. idly
5|10857|858|1|15|26517.75|0.02|0.04|R|F|1994-10-31|1994-08-31|1994-11-20|NONE|AIR|ts wake furiously 
5|12393|394|2|26|33940.14|0.07|0.08|R|F|1994-10-16|1994-09-25|1994-10-19|NONE|FOB|sts use slyly quickly special instruc
5|3754|8|3|50|82887.50|0.08|0.03|A|F|1994-08-08|1994-10-13|1994-08-26|DELIVER IN PERSON|AIR|eodolites. fluffily unusual
6|13964|228|1|37|69484.52|0.08|0.03|A|F|1992-04-27|1992-05-15|1992-05-02|TAKE BACK RETURN|TRUCK|p furiously special foxes
7|18206|11|1|12|13490.40|0.07|0.03|N|O|1996-05-07|1996-03-13|1996-06-03|TAKE BACK RETURN|FOB|ss pinto beans wake against th
7|14525|790|2|9|12955.68|0.08|0.08|N|O|1996-02-01|1996-03-02|1996-02-19|TAKE BACK RETURN|SHIP|es. instructions
7|9478|997|3|46|63823.62|0.10|0.07|N|O|1996-01-15|1996-03-27|1996-02-03|COLLECT COD|MAIL| unusual reques
7|16308|309|4|28|34280.40|0.03|0.04|N|O|1996-03-21|1996-04-08|1996-04-20|NONE|FOB|. slyly special requests haggl
7|15190|986|5|38|41997.22|0.08|0.01|N|O|1996-02-11|1996-02-24|1996-02-18|DELIVER IN PERSON|TRUCK|ns haggle carefully ironic deposits. bl
7|7926|184|6|35|64187.20|0.06|0.03|N|O|1996-01-16|1996-02-23|1996-01-22|TAKE BACK RETURN|FOB|jole. excuses wake carefully alongside of 
7|15724|255|7|5|8198.60|0.04|0.02|N|O|1996-02-10|1996-03-26|1996-02-13|NONE|FOB|ithely regula
32|8271|788|1|28|33019.56|0.05|0.08|N|O|1995-10-23|1995-08-27|1995-10-26|TAKE BACK RETURN|TRUCK|sleep quickly. req
32|19793|63|2|32|54809.28|0.02|0.00|N|O|1995-08-14|1995-10-07|1995-08-27|COLLECT COD|AIR|lithely regular deposits. fluffily 
32|4417|672|3|2|2642.82|0.09|0.02|N|O|1995-08-07|1995-10-07|1995-08-23|DELIVER IN PERSON|AIR| express accounts wake according to the
32|275|776|4|4|4701.08|0.09|0.03|N|O|1995-08-04|1995-10-01|1995-09-03|NONE|REG AIR|e slyly final pac
32|8582|841|5|44|65585.52|0.05|0.06|N|O|1995-08-28|1995-08-20|1995-09-14|DELIVER IN PERSON|AIR|symptotes nag according to the ironic depo
32|1162|414|6|6|6378.96|0.04|0.03|N|O|1995-07-21|1995-09-23|1995-07-25|COLLECT COD|RAIL| gifts cajole carefully.
33|6134|903|1|31|32244.03|0.09|0.04|A|F|1993-10-29|1993-12-19|1993-11-08|COLLECT COD|TRUCK|ng to the furiously ironic package
33|6052|565|2|32|30657.60|0.02|0.05|A|F|1993-12-09|1994-01-04|1993-12-28|COLLECT COD|MAIL|gular theodolites
33|13747|11|3|5|8303.70|0.05|0.03|A|F|1993-12-09|1993-12-25|1993-12-23|TAKE BACK RETURN|AIR|. stealthily bold exc
33|3392|393|4|41|53110.99|0.09|0.00|R|F|1993-11-09|1994-01-24|1993-11-11|TAKE BACK RETURN|MAIL|unusual packages doubt caref
34|8837|96|1|13|22695.79|0.00|0.07|N|O|1998-10-23|1998-09-14|1998-11-06|NONE|REG AIR|nic accounts. deposits are alon
34|8942|201|2|22|40720.68|0.08|0.06|N|O|1998-10-09|1998-10-16|1998-10-12|NONE|FOB|thely slyly p
34|16955|488|3|6|11231.70|0.02|0.06|N|O|1998-10-30|1998-09-20|1998-11-05|NONE|FOB|ar foxes sleep 
35|45|296|1|24|22680.96|0.02|0.00|N|O|1996-02-21|1996-01-03|1996-03-18|TAKE BACK RETURN|FOB|, regular tithe
35|16194|461|2|34|37746.46|0.06|0.08|N|O|1996-01-22|1996-01-06|1996-01-27|DELIVER IN PERSON|RAIL|s are carefully against the f
35|12090|877|3|7|7014.63|0.06|0.04|N|O|1996-01-19|1995-12-22|1996-01-29|NONE|MAIL| the carefully regular 
35|8518|777|4|25|35662.75|0.06|0.05|N|O|1995-11-26|1995-12-25|1995-12-21|DELIVER IN PERSON|SHIP| quickly unti
35|11992|515|5|34|64735.66|0.08|0.06|N|O|1995-11-08|1996-01-15|1995-11-26|COLLECT COD|MAIL|. silent, unusual deposits boost
35|3077|331|6|28|27441.96|0.03|0.02|N|O|1996-02-01|1995-12-24|1996-02-28|COLLECT COD|RAIL|ly alongside of 
36|11977|978|1|42|79336.74|0.09|0.00|N|O|1996-02-03|1996-01-21|1996-02-23|COLLECT COD|SHIP| careful courts. special 
37|2263|516|1|40|46610.40|0.09|0.03|A|F|1992-07-21|1992-08-01|1992-08-15|NONE|REG AIR|luffily regular requests. slyly final acco
37|12679|204|2|39|62075.13|0.05|0.02|A|F|1992-07-02|1992-08-18|1992-07-28|TAKE BACK RETURN|RAIL|the final requests. ca
37|1291|543|3|43|51268.47|0.05|0.08|A|F|1992-07-10|1992-07-06|1992-08-02|DELIVER IN PERSON|TRUCK|iously ste
38|17584|119|1|44|66069.52|0.04|0.02|N|O|1996-09-29|1996-11-17|1996-09-30|COLLECT COD|MAIL|s. blithely unusual theodolites am
39|232|983|1|44|49818.12|0.09|0.06|N|O|1996-11-14|1996-12-15|1996-12-12|COLLECT COD|RAIL|eodolites. careful
39|18659|464|2|26|41018.90|0.08|0.04|N|O|1996-11-04|1996-10-20|1996-11-20|NONE|FOB|ckages across the slyly silent
39|6784|553|3|46|77775.88|0.06|0.08|N|O|1996-09-26|1996-12-19|1996-10-26|DELIVER IN PERSON|AIR|he carefully e
39|2059|312|4|32|30753.60|0.07|0.05|N|O|1996-10-02|1996-12-19|1996-10-14|COLLECT COD|MAIL|heodolites sleep silently pending foxes. ac
39|5452|963|5|43|58370.35|0.01|0.01|N|O|1996-10-17|1996-11-14|1996-10-26|COLLECT COD|MAIL|yly regular i
39|9437|697|6|40|53857.20|0.06|0.05|N|O|1996-12-08|1996-10-22|1997-01-01|COLLECT COD|AIR|quickly ironic fox
64|8596|597|1|21|31596.39|0.05|0.02|R|F|1994-09-30|1994-09-18|1994-10-26|DELIVER IN PERSON|REG AIR|ch slyly final, thin platelets.
65|5970|481|1|26|48775.22|0.03|0.03|A|F|1995-04-20|1995-04-25|1995-05-13|NONE|TRUCK|pending deposits nag even packages. ca
65|7382|897|2|22|28366.36|0.00|0.05|N|O|1995-07-17|1995-06-04|1995-07-19|COLLECT COD|FOB| ideas. special, r
65|139|390|3|21|21821.73|0.09|0.07|N|O|1995-07-06|1995-05-14|1995-07-31|DELIVER IN PERSON|RAIL|bove the even packages. accounts nag carefu
66|11512|774|1|31|44128.81|0.00|0.08|R|F|1994-02-19|1994-03-11|1994-02-20|TAKE BACK RETURN|RAIL|ut the unusual accounts sleep at the bo
66|17349|350|2|41|51919.94|0.04|0.07|A|F|1994-02-21|1994-03-01|1994-03-18|COLLECT COD|AIR| regular de
67|2164|921|1|4|4264.64|0.09|0.04|N|O|1997-04-17|1997-01-31|1997-04-20|NONE|SHIP| cajole thinly expres
67|2020|525|2|12|11064.24|0.09|0.05|N|O|1997-01-27|1997-02-21|1997-02-22|NONE|REG AIR| even packages cajole
67|17360|628|3|5|6386.80|0.03|0.07|N|O|1997-02-20|1997-02-12|1997-02-21|DELIVER IN PERSON|TRUCK|y unusual packages thrash pinto 
67|8752|753|4|44|73073.00|0.08|0.06|N|O|1997-03-18|1997-01-29|1997-04-13|DELIVER IN PERSON|RAIL|se quickly above the even, express reques
67|4062|825|5|23|22219.38|0.05|0.07|N|O|1997-04-19|1997-02-14|1997-05-06|DELIVER IN PERSON|REG AIR|ly regular deposit
67|17831|99|6|29|50716.07|0.02|0.05|N|O|1997-01-25|1997-01-27|1997-01-27|DELIVER IN PERSON|FOB|ultipliers 
68|707|958|1|3|4823.10|0.05|0.02|N|O|1998-07-04|1998-06-05|1998-07-21|NONE|RAIL|fully special instructions cajole. furious
68|17518|320|2|46|66033.46|0.02|0.05|N|O|1998-06-26|1998-06-07|1998-07-05|NONE|MAIL| requests are unusual, regular pinto 
68|3498|752|3|46|64468.54|0.04|0.05|N|O|1998-08-13|1998-07-08|1998-08-29|NONE|RAIL|egular dependencies affix ironically along 
68|9473|251|4|20|27649.40|0.07|0.01|N|O|1998-06-27|1998-05-23|1998-07-02|NONE|REG AIR| excuses integrate fluffily 
68|8276|535|5|27|31975.29|0.03|0.06|N|O|1998-06-19|1998-06-25|1998-06-29|DELIVER IN PERSON|SHIP|ccounts. deposits use. furiously
68|10257|518|6|30|35017.50|0.05|0.06|N|O|1998-08-11|1998-07-11|1998-08-14|NONE|RAIL|oxes are slyly blithely fin
68|13925|189|7|41|75395.72|0.09|0.08|N|O|1998-06-24|1998-06-27|1998-07-06|NONE|SHIP|eposits nag special ideas. furiousl
69|11521|783|1|48|68760.96|0.01|0.07|A|F|1994-08-17|1994-08-11|1994-09-08|NONE|TRUCK|regular epitaphs. carefully even ideas hag
69|10418|939|2|32|42509.12|0.08|0.06|A|F|1994-08-24|1994-08-17|1994-08-31|NONE|REG AIR|s sleep carefully bold, 
69|13727|517|3|17|27892.24|0.09|0.00|A|F|1994-07-02|1994-07-07|1994-07-03|TAKE BACK RETURN|AIR|final, pending instr
69|3751|258|4|3|4964.25|0.09|0.04|R|F|1994-06-06|1994-07-27|1994-06-15|NONE|MAIL| blithely final d
69|9207|726|5|42|46880.40|0.07|0.04|R|F|1994-07-31|1994-07-26|1994-08-28|DELIVER IN PERSON|REG AIR|tect regular, speci
69|1851|103|6|23|40315.55|0.05|0.00|A|F|1994-10-03|1994-08-06|1994-10-24|NONE|SHIP|nding accounts ca
70|6413|926|1|8|10555.28|0.03|0.08|R|F|1994-01-12|1994-02-27|1994-01-14|TAKE BACK RETURN|FOB|ggle. carefully pending dependenc
70|19616|155|2|13|19962.93|0.06|0.06|A|F|1994-03-03|1994-02-13|1994-03-26|COLLECT COD|AIR|lyly special packag
70|17981|783|3|1|1898.98|0.03|0.05|R|F|1994-01-26|1994-03-05|1994-01-28|TAKE BACK RETURN|RAIL|quickly. fluffily unusual theodolites c
70|4574|83|4|11|16264.27|0.01|0.05|A|F|1994-03-17|1994-03-17|1994-03-27|NONE|MAIL|alongside of the deposits. fur
70|3714|221|5|37|59855.27|0.09|0.04|R|F|1994-02-13|1994-03-16|1994-02-21|COLLECT COD|MAIL|n accounts are. q
70|5566|332|6|19|27959.64|0.06|0.03|A|F|1994-01-26|1994-02-17|1994-02-06|TAKE BACK RETURN|SHIP| packages wake pending accounts.
71|6194|195|1|25|27504.75|0.09|0.07|N|O|1998-04-10|1998-04-22|1998-04-11|COLLECT COD|FOB|ckly. slyly
71|6592|361|2|3|4495.77|0.09|0.07|N|O|1998-05-23|1998-04-03|1998-06-02|COLLECT COD|SHIP|y. pinto beans haggle after the
71|3444|204|3|45|60634.80|0.00|0.07|N|O|1998-02-23|1998-03-20|1998-03-24|DELIVER IN PERSON|SHIP| ironic packages believe blithely a
71|9665|925|4|33|51963.78|0.00|0.01|N|O|1998-04-12|1998-03-20|1998-04-15|NONE|FOB| serve quickly fluffily bold deposi
71|10326|587|5|39|48216.48|0.08|0.06|N|O|1998-01-29|1998-04-07|1998-02-18|DELIVER IN PERSON|RAIL|l accounts sleep across the pack
71|19564|103|6|34|50441.04|0.04|0.01|N|O|1998-03-05|1998-04-22|1998-03-30|DELIVER IN PERSON|TRUCK|s cajole. 
96|12308|95|1|23|28066.90|0.10|0.06|A|F|1994-07-19|1994-06-29|1994-07-25|DELIVER IN PERSON|TRUCK|ep-- carefully reg
96|13539|540|2|30|43575.90|0.01|0.06|R|F|1994-06-03|1994-05-29|1994-06-22|DELIVER IN PERSON|TRUCK|e quickly even ideas. furiou
97|11948|210|1|13|24179.22|0.00|0.02|R|F|1993-04-01|1993-04-04|1993-04-08|NONE|TRUCK|ayers cajole against the furiously
97|4957|212|2|37|68892.15|0.02|0.06|A|F|1993-04-13|1993-03-30|1993-04-14|DELIVER IN PERSON|SHIP|ic requests boost carefully quic
97|7770|542|3|19|31877.63|0.06|0.08|R|F|1993-05-14|1993-03-05|1993-05-25|TAKE BACK RETURN|RAIL|gifts. furiously ironic packages cajole. 
98|4022|23|1|28|25928.56|0.06|0.07|A|F|1994-12-24|1994-10-25|1995-01-16|COLLECT COD|REG AIR| pending, regular accounts s
98|10975|756|2|1|1885.97|0.00|0.00|A|F|1994-12-01|1994-12-12|1994-12-15|DELIVER IN PERSON|TRUCK|. unusual instructions against
98|4471|472|3|14|19256.58|0.05|0.02|A|F|1994-12-30|1994-11-22|1995-01-27|COLLECT COD|AIR| cajole furiously. blithely ironic ideas 
98|16718|719|4|10|16347.10|0.03|0.03|A|F|1994-10-23|1994-11-08|1994-11-09|COLLECT COD|RAIL| carefully. quickly ironic ideas
99|8712|487|1|10|16207.10|0.02|0.01|A|F|1994-05-18|1994-06-03|1994-05-23|COLLECT COD|RAIL|kages. requ
99|12377|378|2|5|6446.85|0.02|0.07|R|F|1994-05-06|1994-05-28|1994-05-20|TAKE BACK RETURN|RAIL|ests cajole fluffily waters. blithe
99|13409|199|3|42|55540.80|0.02|0.02|A|F|1994-04-19|1994-05-18|1994-04-20|NONE|RAIL|kages are fluffily furiously ir
99|10834|95|4|36|62813.88|0.09|0.02|A|F|1994-07-04|1994-04-17|1994-07-30|DELIVER IN PERSON|AIR|slyly. slyly e
100|6203|204|1|28|31057.60|0.04|0.05|N|O|1998-05-08|1998-05-13|1998-06-07|COLLECT COD|TRUCK|sts haggle. slowl
100|11598|860|2|22|33210.98|0.00|0.07|N|O|1998-06-24|1998-04-12|1998-06-29|DELIVER IN PERSON|SHIP|nto beans alongside of the fi
100|4615|870|3|46|69902.06|0.03|0.04|N|O|1998-05-02|1998-04-10|1998-05-22|TAKE BACK RETURN|SHIP|ular accounts. even
100|3803|310|4|14|23895.20|0.06|0.03|N|O|1998-05-22|1998-05-01|1998-06-03|COLLECT COD|MAIL|y. furiously ironic ideas gr
100|5344|110|5|37|46225.58|0.05|0.00|N|O|1998-03-06|1998-04-16|1998-03-31|TAKE BACK RETURN|TRUCK|nd the quickly s
101|11829|613|1|49|85300.18|0.10|0.00|N|O|1996-06-21|1996-05-27|1996-06-29|DELIVER IN PERSON|REG AIR|ts-- final packages sleep furiousl
101|16334|133|2|36|45011.88|0.00|0.01|N|O|1996-05-19|1996-05-01|1996-06-04|DELIVER IN PERSON|AIR|tes. blithely pending dolphins x-ray f
101|13842|632|3|12|21070.08|0.06|0.02|N|O|1996-03-29|1996-04-20|1996-04-12|COLLECT COD|MAIL|. quickly regular
102|8892|409|1|37|66632.93|0.06|0.00|N|O|1997-07-24|1997-08-02|1997-08-07|TAKE BACK RETURN|SHIP|ully across the ideas. final deposit
102|16924|723|2|34|62591.28|0.03|0.08|N|O|1997-08-09|1997-07-28|1997-08-26|TAKE BACK RETURN|SHIP|eposits cajole across
102|18233|502|3|25|28780.75|0.01|0.01|N|O|1997-07-31|1997-07-24|1997-08-17|NONE|RAIL|bits. ironic accoun
102|6116|885|4|15|15331.65|0.07|0.07|N|O|1997-06-02|1997-07-13|1997-06-04|DELIVER IN PERSON|SHIP|final packages. carefully even excu
103|19466|274|1|6|8312.76|0.03|0.05|N|O|1996-10-11|1996-07-25|1996-10-28|NONE|FOB|cajole. carefully ex
103|1043|295|2|37|34929.48|0.02|0.07|N|O|1996-09-17|1996-07-27|1996-09-20|TAKE BACK RETURN|MAIL|ies. quickly ironic requests use blithely
103|2844|845|3|23|40177.32|0.01|0.04|N|O|1996-09-11|1996-09-18|1996-09-26|NONE|FOB|ironic accou
103|2903|408|4|32|57788.80|0.01|0.07|N|O|1996-07-30|1996-08-06|1996-08-04|NONE|RAIL|kages doze. special, regular deposit
128|10683|944|1|38|60559.84|0.06|0.01|A|F|1992-09-01|1992-08-27|1992-10-01|TAKE BACK RETURN|FOB| cajole careful
129|287|538|1|46|54614.88|0.08|0.02|R|F|1993-02-15|1993-01-24|1993-03-05|COLLECT COD|TRUCK|uietly bold theodolites. fluffil
129|18517|518|2|36|51678.36|0.01|0.02|A|F|1992-11-25|1992-12-25|1992-12-09|TAKE BACK RETURN|REG AIR|packages are care
129|3945|199|3|33|61015.02|0.04|0.06|A|F|1993-01-08|1993-02-14|1993-01-29|COLLECT COD|SHIP|sts nag bravely. fluffily
129|13514|41|4|34|48535.34|0.00|0.01|R|F|1993-01-29|1993-02-14|1993-02-10|COLLECT COD|MAIL|quests. express ideas
129|3138|898|5|24|24987.12|0.06|0.00|A|F|1992-12-07|1993-01-02|1992-12-11|TAKE BACK RETURN|FOB|uests. foxes cajole slyly after the ca
129|7705|477|6|22|35479.40|0.06|0.01|R|F|1993-02-15|1993-01-31|1993-02-24|COLLECT COD|SHIP|e. fluffily regular 
129|16857|390|7|1|1773.85|0.05|0.04|R|F|1993-01-26|1993-01-08|1993-02-24|DELIVER IN PERSON|FOB|e carefully blithely bold dolp
130|12882|883|1|14|25128.32|0.08|0.05|A|F|1992-08-15|1992-07-25|1992-09-13|COLLECT COD|RAIL| requests. final instruction
130|174|425|2|48|51560.16|0.03|0.02|R|F|1992-07-01|1992-07-12|1992-07-24|NONE|AIR|lithely alongside of the regu
130|1186|187|3|18|19569.24|0.04|0.08|A|F|1992-07-04|1992-06-14|1992-07-29|DELIVER IN PERSON|MAIL| slyly ironic decoys abou
130|11564|348|4|13|19182.28|0.09|0.02|R|F|1992-06-26|1992-07-29|1992-07-05|NONE|FOB| pending dolphins sleep furious
130|6913|426|5|31|56417.21|0.06|0.05|R|F|1992-09-01|1992-07-18|1992-09-02|TAKE BACK RETURN|RAIL|thily about the ruth
131|16751|18|1|45|75048.75|0.10|0.02|R|F|1994-09-14|1994-09-02|1994-10-04|NONE|FOB|ironic, bold accounts. careful
131|4426|935|2|50|66521.00|0.02|0.04|A|F|1994-09-17|1994-08-10|1994-09-21|NONE|SHIP|ending requests. final, ironic pearls slee
131|18903|172|3|4|7287.60|0.04|0.03|A|F|1994-09-20|1994-08-30|1994-09-23|COLLECT COD|REG AIR| are carefully slyly i
132|14045|310|1|18|17262.72|0.00|0.08|R|F|1993-07-10|1993-08-05|1993-07-13|NONE|TRUCK|ges. platelets wake furio
132|11906|907|2|43|78169.70|0.01|0.08|R|F|1993-09-01|1993-08-16|1993-09-22|NONE|TRUCK|y pending theodolites
132|11442|443|3|32|43310.08|0.04|0.04|A|F|1993-07-12|1993-08-05|1993-08-05|COLLECT COD|TRUCK|d instructions hagg
132|2809|566|4|23|39371.40|0.10|0.00|A|F|1993-06-16|1993-08-27|1993-06-23|DELIVER IN PERSON|AIR|refully blithely bold acco
133|10344|605|1|27|33867.18|0.00|0.02|N|O|1997-12-21|1998-02-23|1997-12-27|TAKE BACK RETURN|MAIL|yly even gifts after the sl
133|17628|430|2|12|18547.44|0.02|0.06|N|O|1997-12-02|1998-01-15|1997-12-29|DELIVER IN PERSON|REG AIR|ts cajole fluffily quickly i
133|11735|519|3|29|47755.17|0.09|0.08|N|O|1998-02-28|1998-01-30|1998-03-09|DELIVER IN PERSON|RAIL| the carefully regular theodoli
133|8986|761|4|11|20844.78|0.06|0.01|N|O|1998-03-21|1998-01-15|1998-04-04|DELIVER IN PERSON|REG AIR|e quickly across the dolphins
134|65|66|1|21|20266.26|0.00|0.03|A|F|1992-07-17|1992-07-08|1992-07-26|COLLECT COD|SHIP|s. quickly regular
134|16465|998|2|35|48351.10|0.06|0.07|A|F|1992-08-23|1992-06-01|1992-08-24|NONE|MAIL|ajole furiously. instructio
134|18826|363|3|26|45365.32|0.09|0.06|A|F|1992-06-20|1992-07-12|1992-07-16|NONE|RAIL| among the pending depos
134|14401|402|4|47|61823.80|0.05|0.00|A|F|1992-08-16|1992-07-06|1992-08-28|NONE|REG AIR|s! carefully unusual requests boost careful
134|3518|519|5|12|17058.12|0.05|0.02|A|F|1992-07-03|1992-06-01|1992-07-11|COLLECT COD|TRUCK|nts are quic
134|13311|575|6|12|14691.72|0.00|0.00|A|F|1992-08-08|1992-07-07|1992-08-20|TAKE BACK RETURN|FOB|lyly regular pac
135|10821|822|1|47|81395.54|0.06|0.08|N|O|1996-02-18|1996-01-01|1996-02-25|COLLECT COD|RAIL|ctions wake slyly abo
135|19835|643|2|21|36851.43|0.00|0.07|N|O|1996-02-11|1996-01-12|1996-02-13|DELIVER IN PERSON|SHIP| deposits believe. furiously regular p
135|15751|547|3|33|55002.75|0.02|0.00|N|O|1996-01-03|1995-11-21|1996-02-01|TAKE BACK RETURN|MAIL|ptotes boost slowly care
135|6701|958|4|34|54661.80|0.02|0.03|N|O|1996-01-12|1996-01-19|1996-02-05|NONE|TRUCK|counts doze against the blithely ironi
135|13625|152|5|20|30772.40|0.01|0.04|N|O|1996-01-25|1995-11-20|1996-02-09|NONE|MAIL|theodolites. quickly p
135|11500|284|6|13|18349.50|0.04|0.02|N|O|1995-11-12|1995-12-22|1995-11-17|NONE|FOB|nal ideas. final instr
160|1479|982|1|36|49696.92|0.07|0.01|N|O|1997-03-11|1997-03-11|1997-03-20|COLLECT COD|MAIL|old, ironic deposits are quickly abov
160|8639|898|2|22|34047.86|0.00|0.04|N|O|1997-02-18|1997-03-05|1997-03-05|COLLECT COD|RAIL|ncies about the request
160|2008|513|3|34|30940.00|0.01|0.05|N|O|1997-01-31|1997-03-13|1997-02-14|NONE|FOB|st sleep even gifts. dependencies along
161|10281|62|1|19|22634.32|0.01|0.01|A|F|1994-12-13|1994-11-19|1994-12-26|DELIVER IN PERSON|TRUCK|, regular sheaves sleep along
162|18929|466|1|2|3695.84|0.02|0.01|N|O|1995-09-02|1995-06-17|1995-09-08|COLLECT COD|FOB|es! final somas integrate
163|16755|554|1|43|71885.25|0.01|0.00|N|O|1997-09-19|1997-11-19|1997-10-03|COLLECT COD|REG AIR|al, bold dependencies wake. iron
163|12071|72|2|13|12779.91|0.01|0.04|N|O|1997-11-11|1997-10-18|1997-12-07|DELIVER IN PERSON|TRUCK|inal requests. even pinto beans hag
163|3682|936|3|27|42813.36|0.04|0.08|N|O|1997-12-26|1997-11-28|1998-01-05|COLLECT COD|REG AIR|ously express dependen
163|19265|535|4|5|5921.30|0.02|0.00|N|O|1997-11-17|1997-10-09|1997-12-05|DELIVER IN PERSON|TRUCK| must belie
163|12609|872|5|12|18259.20|0.10|0.00|N|O|1997-12-18|1997-10-26|1997-12-22|COLLECT COD|TRUCK|ly blithe accounts cajole 
163|19083|622|6|20|20041.60|0.00|0.07|N|O|1997-09-27|1997-11-15|1997-10-07|TAKE BACK RETURN|FOB|tructions integrate b
164|9131|391|1|26|27043.38|0.09|0.04|A|F|1993-01-04|1992-11-21|1993-01-07|NONE|RAIL|s. blithely special courts are blithel
164|1849|352|2|24|42020.16|0.05|0.05|R|F|1992-12-22|1992-11-27|1993-01-06|NONE|AIR|side of the slyly unusual theodolites. f
164|12551|338|3|38|55614.90|0.03|0.06|R|F|1992-12-04|1992-11-23|1993-01-02|TAKE BACK RETURN|AIR|counts cajole fluffily regular packages. b
164|1753|5|4|32|52952.00|0.05|0.01|R|F|1992-12-21|1992-12-23|1992-12-28|COLLECT COD|RAIL|ts wake again
164|14751|280|5|43|71627.25|0.06|0.01|R|F|1992-11-26|1993-01-03|1992-12-08|COLLECT COD|RAIL|y carefully regular dep
164|10890|891|6|27|48624.03|0.10|0.04|R|F|1992-12-23|1993-01-16|1993-01-10|DELIVER IN PERSON|AIR|ayers wake carefully a
164|304|555|7|23|27698.90|0.09|0.04|A|F|1992-11-03|1992-12-02|1992-11-12|NONE|REG AIR|ress packages haggle ideas. blithely spec
165|3318|825|1|3|3663.93|0.01|0.08|R|F|1993-03-29|1993-03-06|1993-04-12|DELIVER IN PERSON|REG AIR|riously requests. depos
165|16163|962|2|43|46403.88|0.08|0.05|R|F|1993-02-27|1993-04-19|1993-03-03|DELIVER IN PERSON|TRUCK|jole slyly according 
165|5852|618|3|15|26367.75|0.00|0.05|R|F|1993-04-10|1993-03-29|1993-05-01|COLLECT COD|SHIP| bold packages mainta
165|13919|446|4|49|89812.59|0.07|0.06|A|F|1993-02-20|1993-04-02|1993-03-10|COLLECT COD|REG AIR|uses sleep slyly ruthlessly regular a
165|15509|775|5|27|38461.50|0.01|0.04|R|F|1993-04-27|1993-03-04|1993-05-13|NONE|MAIL|around the ironic, even orb
166|6489|2|1|37|51632.76|0.09|0.03|N|O|1995-11-16|1995-10-17|1995-12-13|NONE|MAIL|lar frays wake blithely a
166|16637|638|2|13|20197.19|0.09|0.05|N|O|1995-11-09|1995-11-18|1995-11-14|COLLECT COD|SHIP|fully above the blithely fina
166|9966|226|3|41|76914.36|0.07|0.03|N|O|1995-11-13|1995-11-07|1995-12-08|COLLECT COD|FOB|hily along the blithely pending fo
166|4503|758|4|8|11260.00|0.05|0.02|N|O|1995-12-30|1995-11-29|1996-01-29|DELIVER IN PERSON|RAIL|e carefully bold 
167|10118|119|1|28|28787.08|0.06|0.01|R|F|1993-02-19|1993-02-16|1993-03-03|DELIVER IN PERSON|TRUCK|sly during the u
167|17156|424|2|27|28975.05|0.09|0.00|R|F|1993-05-01|1993-03-31|1993-05-31|TAKE BACK RETURN|FOB|eans affix furiously-- packages
192|9702|221|1|23|37069.10|0.00|0.00|N|O|1998-02-05|1998-02-06|1998-03-07|TAKE BACK RETURN|AIR|ly pending theodolites haggle quickly fluf
192|16137|936|2|20|21062.60|0.07|0.01|N|O|1998-03-13|1998-02-02|1998-03-31|TAKE BACK RETURN|REG AIR|tes. carefu
192|11026|549|3|15|14055.30|0.09|0.01|N|O|1998-01-30|1998-02-10|1998-02-23|TAKE BACK RETURN|TRUCK|he ironic requests haggle about
192|19640|448|4|2|3119.28|0.06|0.02|N|O|1998-03-06|1998-02-03|1998-03-24|COLLECT COD|SHIP|s. dependencies nag furiously alongside
192|8292|809|5|25|30007.25|0.02|0.03|N|O|1998-02-15|1998-01-11|1998-03-17|COLLECT COD|TRUCK|. carefully regular
192|14101|366|6|45|45679.50|0.00|0.05|N|O|1998-03-11|1998-01-09|1998-04-03|NONE|MAIL|equests. ideas sleep idea
193|9264|524|1|9|10559.34|0.06|0.06|A|F|1993-09-17|1993-10-08|1993-09-30|COLLECT COD|TRUCK|against the fluffily regular d
193|15396|192|2|15|19670.85|0.02|0.07|R|F|1993-11-22|1993-10-09|1993-12-05|TAKE BACK RETURN|SHIP|ffily. regular packages d
193|9388|648|3|23|29839.74|0.06|0.05|A|F|1993-08-21|1993-10-11|1993-09-02|DELIVER IN PERSON|TRUCK|ly even accounts wake blithely bold
194|260|511|1|17|19724.42|0.05|0.04|R|F|1992-05-24|1992-05-22|1992-05-30|COLLECT COD|AIR| regular deposi
194|18353|622|2|1|1271.35|0.04|0.06|R|F|1992-04-30|1992-05-18|1992-05-23|NONE|REG AIR| regular theodolites. regular, iron
194|6600|369|3|13|19585.80|0.08|0.08|A|F|1992-05-07|1992-06-18|1992-05-10|NONE|AIR|about the blit
194|14515|516|4|36|51462.36|0.00|0.05|R|F|1992-05-21|1992-05-18|1992-05-27|TAKE BACK RETURN|RAIL|pecial packages wake after the slyly r
194|5618|129|5|8|12188.88|0.04|0.00|R|F|1992-07-06|1992-06-25|1992-07-11|COLLECT COD|FOB|uriously unusual excuses
194|14899|164|6|16|29022.24|0.06|0.03|A|F|1992-05-14|1992-06-14|1992-05-21|TAKE BACK RETURN|TRUCK|y regular requests. furious
194|16783|50|7|21|35695.38|0.02|0.01|R|F|1992-05-06|1992-05-20|1992-05-07|COLLECT COD|REG AIR|accounts detect quickly dogged 
195|8459|976|1|6|8204.70|0.04|0.02|A|F|1994-01-09|1994-03-27|1994-01-28|COLLECT COD|REG AIR|y, even deposits haggle carefully. bli
195|9385|163|2|41|53069.58|0.05|0.07|A|F|1994-02-24|1994-02-11|1994-03-20|NONE|TRUCK|rts detect in place of t
195|8545|804|3|34|49420.36|0.08|0.08|R|F|1994-01-31|1994-02-11|1994-02-12|NONE|TRUCK| cajole furiously bold i
195|8545|804|4|41|59595.14|0.06|0.04|R|F|1994-03-14|1994-03-13|1994-04-09|COLLECT COD|RAIL|ggle fluffily foxes. fluffily ironic ex
196|13506|33|1|19|26970.50|0.03|0.02|R|F|1993-04-17|1993-05-27|1993-04-30|NONE|SHIP|sts maintain foxes. furiously regular p
196|986|237|2|15|28304.70|0.03|0.04|A|F|1993-07-05|1993-05-08|1993-07-06|TAKE BACK RETURN|SHIP|s accounts. furio
197|9850|110|1|39|68634.15|0.02|0.04|N|O|1995-07-21|1995-07-01|1995-08-14|TAKE BACK RETURN|AIR|press accounts. daringly sp
197|17711|979|2|8|13029.68|0.09|0.02|A|F|1995-04-17|1995-07-01|1995-04-27|DELIVER IN PERSON|SHIP|y blithely even deposits. blithely fina
197|15583|849|3|17|25475.86|0.06|0.02|N|O|1995-08-02|1995-06-23|1995-08-03|COLLECT COD|REG AIR|ts. careful
197|1794|297|4|25|42394.75|0.04|0.01|N|F|1995-06-13|1995-05-23|1995-06-24|TAKE BACK RETURN|FOB|s-- quickly final accounts
197|4147|402|5|14|14715.96|0.09|0.01|R|F|1995-05-08|1995-05-24|1995-05-12|TAKE BACK RETURN|RAIL|use slyly slyly silent depo
197|10588|109|6|1|1498.58|0.07|0.05|N|O|1995-07-15|1995-06-21|1995-08-11|COLLECT COD|RAIL| even, thin dependencies sno
198|5607|608|1|33|49915.80|0.07|0.02|N|O|1998-01-05|1998-03-20|1998-01-10|TAKE BACK RETURN|TRUCK|carefully caref
198|1523|775|2|20|28490.40|0.03|0.00|N|O|1998-01-15|1998-03-31|1998-01-25|DELIVER IN PERSON|FOB|carefully final escapades a
198|14806|335|3|15|25812.00|0.04|0.02|N|O|1998-04-12|1998-02-26|1998-04-15|COLLECT COD|MAIL|es. quickly pending deposits s
198|1038|290|4|35|32866.05|0.08|0.02|N|O|1998-02-27|1998-03-23|1998-03-14|TAKE BACK RETURN|RAIL|ests nod quickly furiously sly pinto be
198|10196|197|5|33|36504.27|0.02|0.01|N|O|1998-03-22|1998-03-12|1998-04-14|DELIVER IN PERSON|SHIP|ending foxes acr
199|13208|998|1|50|56060.00|0.02|0.00|N|O|1996-06-12|1996-06-03|1996-07-04|DELIVER IN PERSON|MAIL|essly regular ideas boost sly
199|13400|401|2|30|39402.00|0.08|0.05|N|O|1996-03-27|1996-05-29|1996-04-14|NONE|TRUCK|ilent packages doze quickly. thinly 
224|15012|13|1|16|14832.16|0.04|0.00|A|F|1994-08-01|1994-07-30|1994-08-27|DELIVER IN PERSON|MAIL|y unusual foxes 
224|10861|122|2|34|60243.24|0.04|0.08|R|F|1994-07-13|1994-08-25|1994-07-31|COLLECT COD|TRUCK| carefully. final platelets 
224|18997|802|3|41|78555.59|0.07|0.04|A|F|1994-09-01|1994-09-15|1994-09-02|TAKE BACK RETURN|SHIP|after the furiou
224|16638|171|4|12|18655.56|0.08|0.06|R|F|1994-10-12|1994-08-29|1994-10-20|DELIVER IN PERSON|MAIL|uriously regular packages. slyly fina
224|9386|905|5|45|58292.10|0.07|0.07|R|F|1994-08-14|1994-09-02|1994-08-27|COLLECT COD|AIR|leep furiously regular requests. furiousl
224|5001|767|6|4|3624.00|0.02|0.00|R|F|1994-09-08|1994-08-24|1994-10-04|DELIVER IN PERSON|FOB|tructions 
225|17193|194|1|4|4440.76|0.09|0.07|N|O|1995-08-05|1995-08-19|1995-09-03|TAKE BACK RETURN|SHIP|ng the ironic packages. asymptotes among 
225|13057|847|2|3|2910.15|0.00|0.08|N|O|1995-07-25|1995-07-08|1995-08-17|DELIVER IN PERSON|REG AIR| fluffily about the carefully bold a
225|19822|361|3|45|78381.90|0.06|0.01|N|O|1995-08-17|1995-08-20|1995-08-30|TAKE BACK RETURN|FOB|the slyly even platelets use aro
225|14608|873|4|24|36542.40|0.00|0.06|N|O|1995-09-23|1995-08-05|1995-10-16|COLLECT COD|MAIL|ironic accounts are final account
225|759|510|5|31|51452.25|0.04|0.06|N|O|1995-06-21|1995-07-24|1995-07-04|TAKE BACK RETURN|FOB|special platelets. quickly r
225|13184|974|6|12|13166.16|0.00|0.00|A|F|1995-06-04|1995-07-15|1995-06-08|COLLECT COD|MAIL| unusual requests. bus
225|14124|917|7|44|45677.28|0.10|0.06|N|O|1995-09-22|1995-08-16|1995-10-22|NONE|REG AIR|leep slyly 
226|9691|951|1|4|6402.76|0.00|0.00|R|F|1993-03-31|1993-04-30|1993-04-10|NONE|TRUCK|c foxes integrate carefully against th
226|13781|571|2|46|77959.88|0.06|0.01|A|F|1993-07-06|1993-04-24|1993-07-13|COLLECT COD|FOB|s. carefully bold accounts cajol
226|3731|491|3|35|57215.55|0.09|0.03|A|F|1993-03-31|1993-05-18|1993-04-01|NONE|RAIL|osits cajole. final, even foxes a
226|4064|827|4|45|43562.70|0.10|0.02|R|F|1993-04-17|1993-05-27|1993-05-11|DELIVER IN PERSON|AIR| carefully pending pi
226|11796|580|5|2|3415.58|0.07|0.02|R|F|1993-03-26|1993-04-13|1993-04-20|TAKE BACK RETURN|SHIP|al platelets. express somas 
226|8294|811|6|48|57709.92|0.02|0.00|A|F|1993-06-11|1993-05-15|1993-06-19|NONE|REG AIR|efully silent packages. final deposit
226|11797|581|7|14|23923.06|0.09|0.00|R|F|1993-05-20|1993-06-05|1993-05-27|COLLECT COD|MAIL|ep carefully regular accounts. ironic
227|16534|333|1|19|27560.07|0.05|0.06|N|O|1995-12-10|1996-01-30|1995-12-26|NONE|RAIL|s cajole furiously a
227|17411|213|2|24|31881.84|0.07|0.07|N|O|1996-02-03|1995-12-24|1996-02-12|COLLECT COD|SHIP|uses across the blithe dependencies cajol
228|404|655|1|3|3913.20|0.10|0.08|A|F|1993-05-20|1993-04-08|1993-05-26|DELIVER IN PERSON|SHIP|ckages. sly
229|8358|875|1|20|25327.00|0.02|0.03|R|F|1994-01-11|1994-01-31|1994-01-26|DELIVER IN PERSON|REG AIR|le. instructions use across the quickly fin
229|12891|892|2|29|52312.81|0.07|0.00|A|F|1994-03-15|1994-03-02|1994-03-26|COLLECT COD|SHIP|s, final request
229|7853|854|3|28|49303.80|0.02|0.02|R|F|1994-02-10|1994-02-02|1994-03-10|DELIVER IN PERSON|FOB| final, regular requests. platel
229|17695|230|4|3|4838.07|0.02|0.08|R|F|1994-03-22|1994-03-24|1994-04-04|DELIVER IN PERSON|REG AIR|posits. furiously regular theodol
229|15518|49|5|33|47305.83|0.03|0.06|R|F|1994-03-25|1994-02-11|1994-04-13|NONE|FOB| deposits; bold, ruthless theodolites
229|10540|801|6|29|42065.66|0.04|0.00|R|F|1994-01-14|1994-02-16|1994-01-22|NONE|FOB|uriously pending 
230|18587|124|1|46|69256.68|0.09|0.00|R|F|1994-02-03|1994-01-15|1994-02-23|TAKE BACK RETURN|SHIP|old packages ha
230|19491|761|2|6|8462.94|0.03|0.08|A|F|1994-01-26|1994-01-25|1994-02-13|NONE|REG AIR| sleep furiously about the p
230|737|488|3|1|1637.73|0.07|0.06|R|F|1994-01-22|1994-01-03|1994-02-05|TAKE BACK RETURN|RAIL|blithely unusual dolphins. bold, ex
230|917|168|4|44|79988.04|0.08|0.06|R|F|1994-02-09|1994-01-18|1994-03-11|NONE|MAIL|deposits integrate slyly sile
230|1893|647|5|8|14359.12|0.09|0.06|R|F|1993-11-03|1994-01-20|1993-11-11|TAKE BACK RETURN|TRUCK|g the instructions. fluffil
230|3393|153|6|8|10371.12|0.00|0.05|R|F|1993-11-21|1994-01-05|1993-12-19|TAKE BACK RETURN|FOB|nal ideas. silent, reg
231|15836|837|1|16|28029.28|0.04|0.08|R|F|1994-11-20|1994-10-29|1994-12-17|TAKE BACK RETURN|AIR|e furiously ironic pinto beans.
231|8336|111|2|46|57239.18|0.04|0.05|R|F|1994-12-13|1994-12-02|1994-12-14|DELIVER IN PERSON|SHIP|affix blithely. bold requests among the f
231|19813|83|3|50|86640.50|0.09|0.01|A|F|1994-12-11|1994-12-14|1994-12-13|NONE|RAIL|onic packages haggle fluffily a
231|5676|677|4|31|49031.77|0.08|0.02|A|F|1994-11-05|1994-12-27|1994-11-30|TAKE BACK RETURN|SHIP|iously special decoys wake q
256|8824|83|1|22|38122.04|0.09|0.02|R|F|1994-01-12|1993-12-28|1994-01-26|COLLECT COD|FOB|ke quickly ironic, ironic deposits. reg
256|11840|363|2|40|70073.60|0.10|0.01|A|F|1993-11-30|1993-12-13|1993-12-02|NONE|FOB|nal theodolites. deposits cajole s
256|12912|437|3|45|82120.95|0.02|0.08|R|F|1994-01-14|1994-01-17|1994-02-10|COLLECT COD|SHIP| grouches. ideas wake quickly ar
257|14623|624|1|7|10763.34|0.05|0.02|N|O|1998-06-18|1998-05-15|1998-06-27|COLLECT COD|FOB|ackages sleep bold realms. f
258|10620|401|1|8|12244.96|0.00|0.07|R|F|1994-01-20|1994-03-21|1994-02-09|NONE|REG AIR|ully about the fluffily silent dependencies
258|19612|420|2|40|61264.40|0.10|0.01|A|F|1994-03-13|1994-02-23|1994-04-05|DELIVER IN PERSON|FOB|silent frets nod daringly busy, bold
258|16177|178|3|45|49192.65|0.07|0.07|R|F|1994-03-04|1994-02-13|1994-03-30|DELIVER IN PERSON|TRUCK|regular excuses-- fluffily ruthl
258|13292|556|4|31|37363.99|0.02|0.05|A|F|1994-04-20|1994-03-20|1994-04-28|COLLECT COD|REG AIR| slyly blithely special mul
258|3596|850|5|25|37489.75|0.08|0.02|A|F|1994-04-13|1994-02-26|1994-04-29|TAKE BACK RETURN|TRUCK|leep pending packages.
258|14647|912|6|36|56219.04|0.09|0.04|A|F|1994-01-11|1994-03-04|1994-01-18|DELIVER IN PERSON|AIR|nic asymptotes. slyly silent r
259|9878|879|1|14|25030.18|0.00|0.08|A|F|1993-12-17|1993-12-09|1993-12-31|COLLECT COD|SHIP|ons against the express acco
259|16199|466|2|14|15612.66|0.03|0.05|R|F|1993-11-10|1993-11-20|1993-11-17|DELIVER IN PERSON|FOB|ully even, regul
259|2352|353|3|42|52682.70|0.09|0.00|R|F|1993-10-20|1993-11-18|1993-11-12|NONE|TRUCK|the slyly ironic pinto beans. fi
259|19534|342|4|3|4360.59|0.08|0.06|R|F|1993-10-04|1993-11-07|1993-10-14|TAKE BACK RETURN|SHIP|ng slyly at the accounts.
259|19221|760|5|6|6841.32|0.00|0.05|R|F|1993-12-05|1993-12-22|1993-12-21|COLLECT COD|TRUCK| requests sleep
260|15589|590|1|50|75229.00|0.07|0.08|N|O|1997-03-24|1997-02-09|1997-04-20|TAKE BACK RETURN|REG AIR|c deposits 
260|18274|275|2|26|30999.02|0.02|0.07|N|O|1996-12-12|1997-02-06|1996-12-15|NONE|TRUCK|ld theodolites boost fl
260|4123|886|3|27|27732.24|0.05|0.08|N|O|1997-03-23|1997-02-15|1997-04-22|TAKE BACK RETURN|RAIL|ions according to the
260|534|35|4|29|41601.37|0.10|0.06|N|O|1997-03-15|1997-01-14|1997-04-13|NONE|MAIL|fluffily even asymptotes. express wa
260|9529|48|5|44|63294.88|0.01|0.05|N|O|1997-03-26|1997-02-03|1997-04-19|DELIVER IN PERSON|MAIL|above the blithely ironic instr
261|135|636|1|34|35194.42|0.05|0.08|R|F|1993-08-18|1993-09-24|1993-08-20|COLLECT COD|REG AIR|c packages. asymptotes da
261|6567|568|2|20|29471.20|0.00|0.06|R|F|1993-10-21|1993-08-02|1993-11-04|DELIVER IN PERSON|RAIL|ites hinder 
261|17396|931|3|28|36774.92|0.08|0.03|R|F|1993-07-24|1993-08-20|1993-08-05|COLLECT COD|AIR|ironic packages nag slyly. carefully fin
261|11846|108|4|49|86134.16|0.04|0.05|R|F|1993-09-12|1993-08-31|1993-10-07|COLLECT COD|SHIP|ions. bold accounts 
261|6047|816|5|49|46698.96|0.01|0.08|A|F|1993-09-29|1993-09-08|1993-10-01|COLLECT COD|SHIP| pinto beans haggle slyly furiously pending
261|9699|959|6|20|32173.80|0.06|0.06|A|F|1993-10-15|1993-09-05|1993-11-07|NONE|AIR|ing to the special, ironic deposi
262|19119|120|1|39|40486.29|0.01|0.05|N|O|1996-01-15|1996-02-18|1996-01-28|COLLECT COD|RAIL|usual, regular requests
262|6008|777|2|33|30162.00|0.09|0.03|N|O|1996-03-10|1996-01-31|1996-03-27|TAKE BACK RETURN|AIR|atelets sleep furiously. requests cajole. b
262|5870|636|3|35|62155.45|0.05|0.08|N|O|1996-03-12|1996-02-14|1996-04-11|COLLECT COD|MAIL|lites cajole along the pending packag
263|2396|649|1|22|28564.58|0.06|0.08|R|F|1994-08-24|1994-06-20|1994-09-09|NONE|FOB|efully express fo
263|8456|973|2|9|12280.05|0.08|0.00|A|F|1994-07-21|1994-07-16|1994-08-08|TAKE BACK RETURN|TRUCK|lms wake bl
263|14290|83|3|50|60214.50|0.06|0.04|R|F|1994-08-18|1994-07-31|1994-08-22|NONE|TRUCK|re the packages. special
288|5065|831|1|31|30071.86|0.00|0.03|N|O|1997-03-17|1997-04-28|1997-04-06|TAKE BACK RETURN|AIR|instructions wa
288|11639|901|2|49|75980.87|0.08|0.05|N|O|1997-04-19|1997-05-19|1997-05-18|TAKE BACK RETURN|TRUCK|ic excuses sleep always spe
288|9884|885|3|36|64579.68|0.02|0.02|N|O|1997-02-22|1997-05-07|1997-03-07|TAKE BACK RETURN|TRUCK|yly pending excu
288|7841|842|4|19|33227.96|0.07|0.07|N|O|1997-03-14|1997-04-04|1997-03-26|NONE|MAIL|deposits. blithely quick courts ar
288|16190|723|5|31|34291.89|0.10|0.04|N|O|1997-05-29|1997-04-24|1997-06-20|TAKE BACK RETURN|RAIL|ns. fluffily
289|17328|130|1|25|31133.00|0.07|0.05|N|O|1997-03-18|1997-05-05|1997-04-15|DELIVER IN PERSON|FOB|out the quickly bold theodol
289|11180|964|2|6|6547.08|0.06|0.05|N|O|1997-02-18|1997-05-08|1997-03-19|DELIVER IN PERSON|SHIP|d packages use fluffily furiously
289|1700|203|3|44|70474.80|0.10|0.08|N|O|1997-06-05|1997-04-20|1997-07-02|COLLECT COD|MAIL|ly ironic foxes. asymptotes 
289|3944|198|4|48|88701.12|0.01|0.08|N|O|1997-03-14|1997-03-30|1997-03-24|DELIVER IN PERSON|RAIL|sits cajole. bold pinto beans x-ray fl
289|4629|884|5|13|19937.06|0.10|0.03|N|O|1997-06-08|1997-04-06|1997-06-18|TAKE BACK RETURN|REG AIR|ts. quickly bold deposits alongside
290|536|37|1|35|50278.55|0.01|0.02|R|F|1994-04-01|1994-02-05|1994-04-27|NONE|MAIL|ove the final foxes detect slyly fluffily
290|12893|156|2|2|3611.78|0.05|0.04|A|F|1994-01-30|1994-02-13|1994-02-21|TAKE BACK RETURN|TRUCK|. permanently furious reques
290|189|440|3|5|5445.90|0.03|0.05|A|F|1994-01-19|1994-02-24|1994-01-27|NONE|MAIL|ans integrate. requests sleep. fur
290|12375|638|4|23|29609.51|0.05|0.08|R|F|1994-03-14|1994-02-21|1994-04-09|NONE|AIR|refully unusual packages. 
291|12257|44|1|21|24554.25|0.05|0.07|A|F|1994-05-26|1994-05-10|1994-06-23|COLLECT COD|TRUCK|y quickly regular theodolites. final t
291|13732|733|2|19|31268.87|0.08|0.02|R|F|1994-06-14|1994-04-25|1994-06-19|NONE|REG AIR|e. ruthlessly final accounts after the
291|6088|601|3|30|29822.40|0.10|0.02|R|F|1994-03-22|1994-04-30|1994-03-24|DELIVER IN PERSON|FOB| fluffily regular deposits. quickl
292|15357|358|1|8|10178.80|0.10|0.03|R|F|1992-02-18|1992-03-30|1992-03-18|DELIVER IN PERSON|RAIL|sily bold deposits alongside of the ex
292|9925|926|2|24|44038.08|0.08|0.04|R|F|1992-03-24|1992-03-06|1992-04-20|COLLECT COD|TRUCK| bold, pending theodolites u
293|896|647|1|14|25156.46|0.02|0.05|R|F|1992-10-19|1992-12-23|1992-11-10|DELIVER IN PERSON|SHIP|es. packages above the
293|18641|642|2|11|17156.04|0.10|0.04|R|F|1992-12-24|1992-12-01|1993-01-12|COLLECT COD|MAIL| affix carefully quickly special idea
293|11727|511|3|13|21303.36|0.04|0.02|A|F|1992-12-17|1992-12-26|1992-12-22|COLLECT COD|RAIL| wake after the quickly even deposits. bli
294|5962|728|1|31|57906.76|0.00|0.01|R|F|1993-08-06|1993-08-19|1993-08-13|TAKE BACK RETURN|AIR|le fluffily along the quick
295|19751|21|1|29|48451.75|0.02|0.07|A|F|1994-11-09|1994-12-08|1994-12-07|COLLECT COD|MAIL|inst the carefully ironic pinto beans. blit
295|9135|913|2|26|27147.38|0.04|0.03|R|F|1994-12-13|1994-11-30|1995-01-06|DELIVER IN PERSON|AIR|ts above the slyly regular requests x-ray q
295|1529|781|3|8|11444.16|0.10|0.07|R|F|1995-01-13|1994-11-17|1995-01-25|NONE|TRUCK| final instructions h
295|6063|320|4|26|25195.56|0.10|0.04|A|F|1995-01-12|1994-11-22|1995-01-22|DELIVER IN PERSON|MAIL| carefully iron
320|442|193|1|30|40273.20|0.05|0.01|N|O|1997-12-04|1998-01-21|1997-12-13|NONE|RAIL| ironic, final accounts wake quick de
320|19216|486|2|13|14757.73|0.03|0.00|N|O|1997-12-16|1997-12-26|1997-12-17|TAKE BACK RETURN|AIR|he furiously regular pinto beans. car
321|32|783|1|21|19572.63|0.01|0.08|A|F|1993-07-18|1993-04-24|1993-08-13|TAKE BACK RETURN|REG AIR|hockey players sleep slyly sl
321|14044|573|2|41|39279.64|0.08|0.07|R|F|1993-06-21|1993-06-07|1993-07-09|NONE|REG AIR|special packages shall have to doze blit
322|15250|781|1|12|13983.00|0.08|0.07|A|F|1992-06-29|1992-05-30|1992-07-11|NONE|AIR|ular theodolites promise qu
322|4367|368|2|48|61025.28|0.02|0.07|A|F|1992-06-11|1992-06-16|1992-06-26|COLLECT COD|RAIL|dolites detect qu
322|1268|22|3|20|23385.20|0.04|0.01|R|F|1992-04-26|1992-05-04|1992-05-22|DELIVER IN PERSON|MAIL|ckly toward 
322|18325|594|4|10|12433.20|0.06|0.03|R|F|1992-04-12|1992-05-13|1992-04-14|DELIVER IN PERSON|AIR| deposits grow slyly according to th
322|1161|915|5|35|37175.60|0.07|0.06|A|F|1992-07-17|1992-05-03|1992-08-14|TAKE BACK RETURN|RAIL|egular accounts cajole carefully. even d
322|3331|838|6|3|3702.99|0.08|0.05|A|F|1992-07-03|1992-05-10|1992-07-28|NONE|AIR|ending, ironic deposits along the blith
322|3744|504|7|5|8238.70|0.01|0.02|A|F|1992-04-15|1992-05-12|1992-04-26|COLLECT COD|REG AIR| special grouches sleep quickly instructio
323|16363|162|1|50|63968.00|0.05|0.04|A|F|1994-04-20|1994-04-25|1994-05-12|DELIVER IN PERSON|REG AIR|cial requests 
323|9514|774|2|18|25623.18|0.06|0.07|R|F|1994-04-13|1994-06-02|1994-05-10|DELIVER IN PERSON|TRUCK|posits cajole furiously pinto beans. 
323|14273|274|3|9|10685.43|0.07|0.04|A|F|1994-06-26|1994-06-10|1994-07-13|COLLECT COD|TRUCK|nic accounts. regular, regular pack
324|19948|487|1|26|48566.44|0.07|0.01|R|F|1992-04-19|1992-05-28|1992-05-12|DELIVER IN PERSON|RAIL|ross the slyly regular s
325|15880|676|1|34|61059.92|0.09|0.04|A|F|1993-10-28|1993-12-13|1993-11-17|TAKE BACK RETURN|MAIL|ly bold deposits. always iron
325|18514|783|2|5|7162.55|0.07|0.08|A|F|1994-01-02|1994-01-05|1994-01-04|TAKE BACK RETURN|MAIL| theodolites. 
325|1879|131|3|35|62330.45|0.07|0.07|A|F|1993-12-06|1994-01-03|1993-12-26|DELIVER IN PERSON|REG AIR|packages wa
326|17910|445|1|41|74944.31|0.06|0.03|N|O|1995-08-30|1995-07-09|1995-09-12|DELIVER IN PERSON|TRUCK|ily quickly bold ideas.
326|1948|200|2|38|70297.72|0.02|0.08|N|O|1995-09-12|1995-08-23|1995-09-14|COLLECT COD|RAIL|es sleep slyly. carefully regular inst
326|18374|911|3|25|32309.25|0.03|0.04|N|O|1995-08-03|1995-07-27|1995-08-16|NONE|AIR|ily furiously unusual accounts. 
326|8484|1|4|5|6962.40|0.03|0.08|N|O|1995-07-29|1995-07-13|1995-08-12|NONE|REG AIR|deas sleep according to the sometimes spe
326|3455|962|5|31|42111.95|0.04|0.08|N|O|1995-09-27|1995-07-06|1995-10-22|NONE|TRUCK|cies sleep quick
326|15672|468|6|41|65094.47|0.02|0.00|N|O|1995-07-05|1995-07-23|1995-07-20|TAKE BACK RETURN|REG AIR|to beans wake before the furiously re
326|4214|469|7|47|52555.87|0.04|0.04|N|O|1995-09-16|1995-07-04|1995-10-04|NONE|REG AIR| special accounts sleep 
327|14351|144|1|16|20245.60|0.03|0.01|N|O|1995-07-05|1995-06-07|1995-07-09|TAKE BACK RETURN|TRUCK|cial ideas sleep af
327|4172|427|2|9|9685.53|0.09|0.05|A|F|1995-05-24|1995-07-11|1995-06-05|NONE|AIR| asymptotes are fu
352|6377|378|1|17|21817.29|0.07|0.05|R|F|1994-06-02|1994-05-31|1994-06-29|NONE|FOB|pending deposits sleep furiously 
353|11931|454|1|41|75560.13|0.00|0.06|A|F|1994-03-25|1994-03-31|1994-03-30|DELIVER IN PERSON|AIR|refully final theodoli
353|14755|756|2|29|48422.75|0.09|0.00|A|F|1994-01-11|1994-03-19|1994-02-09|COLLECT COD|FOB|ctions impr
353|13432|222|3|12|16145.16|0.06|0.01|R|F|1994-01-02|1994-03-26|1994-01-19|DELIVER IN PERSON|RAIL|g deposits cajole 
353|7708|223|4|46|74322.20|0.00|0.04|A|F|1994-04-14|1994-01-31|1994-05-05|DELIVER IN PERSON|FOB| ironic dolphins 
353|11681|204|5|9|14334.12|0.02|0.02|A|F|1994-03-15|1994-03-20|1994-03-18|TAKE BACK RETURN|RAIL|ual accounts! carefu
353|10270|271|6|39|46030.53|0.02|0.05|A|F|1994-01-15|1994-03-30|1994-02-01|NONE|MAIL|losely quickly even accounts. c
354|4948|203|1|14|25941.16|0.08|0.04|N|O|1996-04-12|1996-06-03|1996-05-08|NONE|SHIP|quickly regular grouches will eat. careful
354|19387|195|2|24|31353.12|0.01|0.01|N|O|1996-05-08|1996-05-17|1996-06-07|DELIVER IN PERSON|AIR|y silent requests. regular, even accounts
354|5813|814|3|50|85940.50|0.08|0.05|N|O|1996-03-21|1996-05-20|1996-04-04|COLLECT COD|TRUCK|to beans s
354|10668|449|4|7|11050.62|0.06|0.01|N|O|1996-05-07|1996-04-18|1996-05-24|NONE|MAIL|ously idly ironic accounts-- quickl
354|3053|54|5|18|17208.90|0.04|0.08|N|O|1996-03-31|1996-05-13|1996-04-27|DELIVER IN PERSON|RAIL| about the carefully unusual 
354|6109|366|6|36|36543.60|0.03|0.02|N|O|1996-03-19|1996-05-29|1996-03-30|NONE|AIR|onic requests thrash bold g
354|466|967|7|14|19130.44|0.01|0.07|N|O|1996-07-06|1996-06-08|1996-07-10|TAKE BACK RETURN|MAIL|t thinly above the ironic, 
355|11396|919|1|31|40529.09|0.09|0.07|A|F|1994-07-13|1994-08-18|1994-07-18|DELIVER IN PERSON|FOB|y unusual, ironic
355|9603|381|2|41|62016.60|0.05|0.00|A|F|1994-08-15|1994-07-19|1994-09-06|DELIVER IN PERSON|TRUCK| deposits. carefully r
356|4522|523|1|4|5706.08|0.10|0.01|A|F|1994-07-28|1994-08-01|1994-08-04|DELIVER IN PERSON|REG AIR| the dependencies nod unusual, final ac
356|10747|268|2|48|79571.52|0.02|0.03|R|F|1994-08-12|1994-07-31|1994-08-26|NONE|FOB|unusual packages. furiously 
356|11801|63|3|35|59948.00|0.08|0.07|R|F|1994-10-14|1994-07-31|1994-10-23|COLLECT COD|TRUCK|s. unusual, final
356|5535|46|4|41|59061.73|0.07|0.05|A|F|1994-09-28|1994-09-20|1994-10-07|COLLECT COD|SHIP| according to the express foxes will
356|12428|215|5|37|49595.54|0.05|0.03|A|F|1994-07-15|1994-08-24|1994-08-09|DELIVER IN PERSON|FOB|ndencies are since the packag
357|11315|316|1|26|31884.06|0.06|0.03|N|O|1996-12-28|1996-11-26|1997-01-13|NONE|FOB| carefully pending accounts use a
357|18582|851|2|36|54020.88|0.07|0.06|N|O|1996-12-28|1996-11-13|1997-01-24|DELIVER IN PERSON|AIR|d the carefully even requests. 
357|16481|14|3|32|44719.36|0.05|0.07|N|O|1997-01-28|1996-12-29|1997-02-14|NONE|MAIL|y above the carefully final accounts
358|19003|273|1|41|37802.00|0.06|0.01|A|F|1993-11-18|1993-11-14|1993-11-28|NONE|TRUCK|ely frets. furious deposits sleep 
358|18996|801|2|32|61279.68|0.05|0.08|A|F|1993-10-18|1993-12-12|1993-10-31|NONE|TRUCK|y final foxes sleep blithely sl
358|16871|404|3|40|71514.80|0.09|0.01|A|F|1993-12-05|1993-11-04|1994-01-01|COLLECT COD|MAIL|ng the ironic theo
358|9656|175|4|15|23484.75|0.08|0.08|A|F|1993-10-04|1993-12-17|1993-10-23|TAKE BACK RETURN|MAIL|out the blithely ironic deposits slee
358|2863|620|5|18|31785.48|0.01|0.02|R|F|1993-10-07|1993-11-01|1993-10-26|COLLECT COD|SHIP|olphins haggle ironic accounts. f
358|16129|130|6|32|33443.84|0.03|0.05|R|F|1993-12-21|1993-11-06|1994-01-17|DELIVER IN PERSON|RAIL|lyly express deposits 
358|8292|809|7|45|54013.05|0.05|0.02|A|F|1993-12-08|1993-10-29|1993-12-30|NONE|REG AIR|to beans. regular, unusual deposits sl
359|16598|599|1|30|45437.70|0.00|0.08|A|F|1995-01-06|1995-02-20|1995-01-20|TAKE BACK RETURN|AIR|uses detect spec
359|1116|619|2|18|18307.98|0.00|0.03|A|F|1995-01-27|1995-03-18|1995-01-31|DELIVER IN PERSON|RAIL|unusual warthogs. ironically sp
359|13147|411|3|17|18022.38|0.07|0.06|A|F|1995-01-31|1995-03-18|1995-02-10|COLLECT COD|SHIP|sts according to the blithely
359|8999|258|4|38|72503.62|0.10|0.08|R|F|1995-03-30|1995-01-20|1995-04-25|DELIVER IN PERSON|RAIL|g furiously. regular, sile
359|16724|257|5|11|18047.92|0.01|0.03|A|F|1995-02-15|1995-01-27|1995-02-18|NONE|FOB|rets wake blithely. slyly final dep
359|18267|72|6|23|27260.98|0.04|0.07|R|F|1995-01-31|1995-03-11|1995-02-16|DELIVER IN PERSON|REG AIR|ic courts snooze quickly furiously final fo
384|17845|380|1|38|66987.92|0.07|0.01|R|F|1992-06-02|1992-04-18|1992-06-10|DELIVER IN PERSON|TRUCK|totes cajole blithely against the even
384|6335|592|2|49|60825.17|0.09|0.07|A|F|1992-04-01|1992-04-25|1992-04-18|COLLECT COD|AIR|refully carefully ironic instructions. bl
384|18151|688|3|11|11760.65|0.02|0.08|A|F|1992-04-02|1992-04-21|1992-04-15|COLLECT COD|MAIL|ash carefully
384|9206|725|4|11|12267.20|0.00|0.06|R|F|1992-06-24|1992-05-29|1992-07-22|COLLECT COD|TRUCK|nic excuses are furiously above the blith
384|13141|931|5|14|14757.96|0.08|0.06|R|F|1992-06-14|1992-05-29|1992-07-05|DELIVER IN PERSON|TRUCK|ckages are slyly after the slyly specia
385|16645|912|1|7|10931.48|0.05|0.06|N|O|1996-05-23|1996-05-09|1996-06-06|DELIVER IN PERSON|REG AIR| special asymptote
385|5303|814|2|46|55581.80|0.08|0.07|N|O|1996-03-29|1996-05-17|1996-04-18|NONE|REG AIR|lthily ironic f
386|15241|37|1|39|45093.36|0.10|0.07|A|F|1995-05-10|1995-02-28|1995-05-25|NONE|SHIP|hely. carefully regular accounts hag
386|6813|582|2|16|27516.96|0.06|0.01|A|F|1995-04-12|1995-04-18|1995-05-11|DELIVER IN PERSON|MAIL|lithely fluffi
386|13009|10|3|37|34114.00|0.09|0.04|A|F|1995-05-23|1995-03-01|1995-05-25|TAKE BACK RETURN|MAIL|ending pearls breach fluffily. slyly pen
387|13667|194|1|1|1580.66|0.08|0.03|N|O|1997-05-06|1997-04-23|1997-05-10|NONE|SHIP| pinto beans wake furiously carefu
387|15280|281|2|42|50201.76|0.07|0.05|N|O|1997-05-25|1997-02-25|1997-05-29|DELIVER IN PERSON|RAIL|lithely final theodolites.
387|9640|159|3|40|61985.60|0.09|0.02|N|O|1997-03-08|1997-04-18|1997-03-31|COLLECT COD|TRUCK| quickly ironic platelets are slyly. fluff
387|5593|594|4|19|28473.21|0.08|0.00|N|O|1997-03-14|1997-04-21|1997-04-04|NONE|REG AIR|gular dependencies
387|14832|97|5|32|55898.56|0.08|0.06|N|O|1997-05-02|1997-04-11|1997-05-11|DELIVER IN PERSON|TRUCK|gle. silent, fur
388|3259|19|1|42|48814.50|0.05|0.06|R|F|1993-02-21|1993-02-26|1993-03-15|COLLECT COD|FOB|accounts sleep furiously
388|12781|782|2|46|77913.88|0.07|0.01|A|F|1993-03-22|1993-01-26|1993-03-24|COLLECT COD|FOB|to beans nag about the careful reque
